#Annotated with Bakta v1.6.1, https://github.com/oschwengers/bakta
#Database v4.0, https://doi.org/10.5281/zenodo.4247252
#Sequence Id	Start	Stop	Strand	Locus Tag	Mol Weight [kDa]	Iso El. Point	Pfam hits	Dbxrefs
contig_3	1051	1350	+	AGOCLK_00045	10.7	4.6		RefSeq:WP_020334086.1, SO:0001217, UniParc:UPI0003570E80, UniRef:UniRef100_UPI0003570E80, UniRef:UniRef50_A0A1B1EH99, UniRef:UniRef90_A0A1B1EH99
contig_3	2177	2836	-	AGOCLK_00055	24.7	4.7		RefSeq:WP_020334087.1, SO:0001217, UniParc:UPI0003571DBA, UniRef:UniRef100_UPI0003571DBA, UniRef:UniRef50_A0A1B1EH74, UniRef:UniRef90_A0A1B1EH74
contig_3	15846	16703	+	AGOCLK_00110	31.6	5.5	PF00702.29|Hydrolase, PF13242.9|Hydrolase_like	PFAM:PF00702.29, PFAM:PF13242.9
contig_3	32980	34008	-	AGOCLK_00175	37.7	5.6		RefSeq:WP_020334110.1, SO:0001217, UniParc:UPI0003572A30, UniRef:UniRef100_UPI0003572A30, UniRef:UniRef50_A0A3B7D3V4, UniRef:UniRef90_A0A3B7D3V4
contig_3	43388	43597	-	AGOCLK_00225	7.9	6.0		RefSeq:WP_020334121.1, SO:0001217, UniParc:UPI0003579BE8, UniRef:UniRef100_A0A1B1EH41, UniRef:UniRef50_A0A0H0Y9E1, UniRef:UniRef90_A0A1B1EH41
contig_3	52815	53243	+	AGOCLK_00280	15.8	7.7		RefSeq:WP_020334129.1, SO:0001217, UniParc:UPI000358034D, UniRef:UniRef100_UPI000358034D, UniRef:UniRef50_A7N7E2, UniRef:UniRef90_A0A1B1ELD1
contig_3	69521	69742	-	AGOCLK_00370	8.3	8.1		RefSeq:WP_014233763.1, SO:0001217, UniParc:UPI000243BCDB, UniRef:UniRef100_A0A1B1EH10, UniRef:UniRef50_A0A1E5BDZ6, UniRef:UniRef90_A0A0L7U885
contig_3	75648	75866	+	AGOCLK_00395	8.2	4.5		SO:0001217, UniParc:UPI000356E752, UniRef:UniRef100_A0A1B1ELA2, UniRef:UniRef50_S5IYZ8, UniRef:UniRef90_A0A1B1ELA2
contig_3	86610	86957	-	AGOCLK_00455	13.2	9.3		
contig_3	88084	88563	+	AGOCLK_00465	17.9	5.0		RefSeq:WP_020334158.1, SO:0001217, UniParc:UPI0003572291, UniRef:UniRef100_A0A1B1EHP1, UniRef:UniRef50_A0A1B1EHP1, UniRef:UniRef90_A0A1B1EHP1
contig_3	135832	136413	+	AGOCLK_00660	22.5	4.8		RefSeq:WP_024372787.1, SO:0001217, UniParc:UPI0004628758, UniRef:UniRef100_UPI0004628758, UniRef:UniRef50_A0A1B1EGW6, UniRef:UniRef90_A0A1B1EGW6
contig_3	169604	169759	-	AGOCLK_00830	5.5	9.8		
contig_3	173802	173939	+	AGOCLK_00850	5.3	4.4		
contig_3	176949	177134	+	AGOCLK_00870	7.7	9.5		SO:0001217, UniParc:UPI000243BF21, UniRef:UniRef100_A0A1B1EGS6, UniRef:UniRef50_A0A0B8Q5G3, UniRef:UniRef90_A0A1B1EGS6
contig_3	256654	256791	-	AGOCLK_01175	5.4	6.5		
contig_3	276069	276251	-	AGOCLK_01280	6.7	7.9		RefSeq:WP_014233923.1, SO:0001217, UniParc:UPI000243C14A, UniRef:UniRef100_A0A3B7CXD1, UniRef:UniRef50_C9QHY8, UniRef:UniRef90_A0A1B1ELE4
contig_3	302177	302956	-	AGOCLK_01400	27.1	4.3		RefSeq:WP_020333766.1, SO:0001217, UniParc:UPI0003571E34, UniRef:UniRef100_UPI0003571E34, UniRef:UniRef50_A0A1B1ELK1, UniRef:UniRef90_A0A1B1ELK1
contig_3	314051	314758	+	AGOCLK_01455	26.4	5.5		SO:0001217, UniRef:UniRef50_A0A1B1ELQ6, UniRef:UniRef90_A0A1B1ELQ6
contig_3	367347	367448	+	AGOCLK_01675	3.4	5.4		SO:0001217, UniRef:UniRef50_UPI00031C8AE8, UniRef:UniRef90_UPI00031C8AE8
contig_3	378850	379026	+	AGOCLK_01745	6.8	5.3		RefSeq:WP_014234020.1, SO:0001217, UniParc:UPI000243B368, UniRef:UniRef100_UPI000243B368, UniRef:UniRef50_A0A1M6A580, UniRef:UniRef90_UPI000ADA60D5
contig_3	390461	391672	+	AGOCLK_01795	44.0	4.1		RefSeq:WP_020333831.1, SO:0001217, UniParc:UPI0003579962, UniRef:UniRef100_UPI001F33FA46, UniRef:UniRef50_A0A1H5S4E4, UniRef:UniRef90_A0A1B1EL47
contig_3	405025	405594	+	AGOCLK_01875	21.7	6.0		RefSeq:WP_020333843.1, SO:0001217, UniParc:UPI00035755CC, UniRef:UniRef100_UPI00035755CC, UniRef:UniRef50_UPI001CDCDE63, UniRef:UniRef90_UPI00035755CC
contig_3	405661	405924	+	AGOCLK_01880	10.0	9.7	PF13384.9|HTH_23, PF13518.9|HTH_28	PFAM:PF13384.9, PFAM:PF13518.9, SO:0001217, UniRef:UniRef50_C9XUD7, UniRef:UniRef90_A0A0D1GNP1
contig_3	427299	427988	-	AGOCLK_01955	25.1	5.2		RefSeq:WP_020333859.1, SO:0001217, UniParc:UPI0003579986, UniRef:UniRef100_UPI0003579986, UniRef:UniRef50_UPI0003579986, UniRef:UniRef90_UPI0003579986
contig_3	432364	433470	-	AGOCLK_01970	42.6	9.1		RefSeq:WP_020333863.1, SO:0001217, UniParc:UPI000357DE5B, UniRef:UniRef100_UPI000357DE5B, UniRef:UniRef50_UPI000357DE5B, UniRef:UniRef90_UPI000357DE5B
contig_3	433467	434324	-	AGOCLK_01975	33.3	5.0		
contig_3	449225	450481	+	AGOCLK_02030	45.7	9.8		SO:0001217, UniRef:UniRef50_A0A0X8LJM7, UniRef:UniRef90_UPI00040BB5EA
contig_3	465521	465823	+	AGOCLK_02095	11.2	4.6		RefSeq:WP_020334718.1, SO:0001217, UniParc:UPI000357EB2D, UniRef:UniRef100_UPI000357EB2D, UniRef:UniRef50_A0A1B1E8E2, UniRef:UniRef90_A0A1B1E8E2
contig_3	467233	467373	+	AGOCLK_02105	5.1	9.1		
contig_3	468281	468592	-	AGOCLK_02115	11.9	6.3		
contig_3	471611	471934	-	AGOCLK_02140	12.1	6.1		RefSeq:WP_014234047.1, SO:0001217, UniParc:UPI000243B450, UniRef:UniRef100_UPI000243B450, UniRef:UniRef50_Q87H72, UniRef:UniRef90_A0A1B1EL22
contig_3	471955	472503	-	AGOCLK_02145	21.1	8.8		SO:0001217, UniRef:UniRef50_UPI001ED8FCC7, UniRef:UniRef90_UPI001ED8FCC7
contig_3	485977	486159	-	AGOCLK_02205	7.0	5.0		SO:0001217, UniRef:UniRef50_A0A0D0IY66, UniRef:UniRef90_UPI000243B45D
contig_3	495868	496059	-	AGOCLK_02235	7.4	4.1		RefSeq:WP_014234066.1, SO:0001217, UniParc:UPI000243B463, UniRef:UniRef100_A0A1B1EKW6, UniRef:UniRef50_A0A191W7T0, UniRef:UniRef90_A0A0B4IZT1
contig_3	533874	534254	+	AGOCLK_02380	14.1	9.2		RefSeq:WP_020334767.1, SO:0001217, UniParc:UPI0003570981, UniRef:UniRef100_A0A1B1ELI6, UniRef:UniRef50_A0A1B1ELI6, UniRef:UniRef90_A0A1B1ELI6
contig_3	541569	541850	-	AGOCLK_02425	11.3	7.8		RefSeq:WP_020334775.1, SO:0001217, UniParc:UPI00035713E9, UniRef:UniRef100_UPI00035713E9, UniRef:UniRef50_A0A3B7CW30, UniRef:UniRef90_A0A3B7CW30
contig_3	573981	574244	+	AGOCLK_02565	9.4	4.1	PF13202.9|EF-hand_5, PF13202.9|EF-hand_5	PFAM:PF13202.9, PFAM:PF13202.9, RefSeq:WP_014234132.1, SO:0001217, UniParc:UPI000243B673, UniRef:UniRef100_A0A1B1EKV7, UniRef:UniRef50_A0A1B1EKV7, UniRef:UniRef90_A0A1B1EKV7
contig_3	585107	585673	+	AGOCLK_02615	21.4	6.7		RefSeq:WP_020334806.1, SO:0001217, UniParc:UPI0003579275, UniRef:UniRef100_A0A1B1EKV0, UniRef:UniRef50_A0A0F4PYX1, UniRef:UniRef90_A0A1B1EKV0
contig_3	614225	616696	+	AGOCLK_02770	88.3	4.1		RefSeq:WP_020334833.1, SO:0001217, UniParc:UPI00035807ED, UniRef:UniRef100_UPI00035807ED, UniRef:UniRef50_A0A4Y3HTM8, UniRef:UniRef90_UPI00035807ED
contig_3	657511	658047	-	AGOCLK_02965	19.6	5.6		RefSeq:WP_024372991.1, SO:0001217, UniParc:UPI000403184B, UniRef:UniRef100_A0A1B1EKB6, UniRef:UniRef50_Q7MDZ5, UniRef:UniRef90_A0A1B1EKB6
contig_3	675868	676089	-	AGOCLK_03055	8.3	9.8		RefSeq:WP_020334879.1, SO:0001217, UniParc:UPI0003570012, UniRef:UniRef100_A0A1B1EKW9, UniRef:UniRef50_A0A0H0YII3, UniRef:UniRef90_A0A1B1EKW9
contig_3	676450	676671	-	AGOCLK_03060	8.2	5.1		RefSeq:WP_020334880.1, SO:0001217, UniParc:UPI0003575C9C, UniRef:UniRef100_A0A3B7D2B5, UniRef:UniRef50_A0A0H0YII3, UniRef:UniRef90_A0A1B1EKD7
contig_3	704006	704257	-	AGOCLK_03175	9.3	9.7		RefSeq:WP_014234251.1, SO:0001217, UniParc:UPI000243B9CE, UniRef:UniRef100_A0A1B1EK53, UniRef:UniRef50_Q5E017, UniRef:UniRef90_A0A1B1EK53
contig_3	713879	714070	-	AGOCLK_03220	7.2	6.7		RefSeq:WP_020334907.1, SO:0001217, UniParc:UPI000357B8CC, UniRef:UniRef100_UPI000357B8CC, UniRef:UniRef50_Q6LIV8, UniRef:UniRef90_Q87HU9
contig_3	724794	725426	+	AGOCLK_03270	24.6	6.7		RefSeq:WP_014234270.1, SO:0001217, UniParc:UPI000243BACD, UniRef:UniRef100_A0A3B7CWG8, UniRef:UniRef50_B7VSH5, UniRef:UniRef90_A0A1B1EK56
contig_3	728484	728588	-	AGOCLK_03290	3.9	4.1		SO:0001217, UniParc:UPI000243BAD1, UniRef:UniRef100_A0A3B7CWT6, UniRef:UniRef50_E8M5F8, UniRef:UniRef90_A0A3B7CWT6
contig_3	730592	730825	+	AGOCLK_03300	8.9	5.9		RefSeq:WP_076633462.1, SO:0001217, UniParc:UPI000976EC18, UniRef:UniRef100_UPI000976EC18, UniRef:UniRef50_A0A2S0SGQ5, UniRef:UniRef90_A0A3B7D385
contig_3	769071	769574	+	AGOCLK_03450	18.6	6.5		RefSeq:WP_020334948.1, SO:0001217, UniParc:UPI00035732F0, UniRef:UniRef100_UPI00035732F0, UniRef:UniRef50_A0A1B1EJZ9, UniRef:UniRef90_A0A1B1EJZ9
contig_3	769978	770169	+	AGOCLK_03460	7.3	4.7		RefSeq:WP_014234307.1, SO:0001217, UniParc:UPI000243BBEE, UniRef:UniRef100_A0A1B1ELM9, UniRef:UniRef50_K5TG59, UniRef:UniRef90_A0A1B1ELM9
contig_3	770338	770601	-	AGOCLK_03465	10.2	5.2		RefSeq:WP_014234308.1, SO:0001217, UniParc:UPI000243BBEF, UniRef:UniRef100_A0A3B7D353, UniRef:UniRef50_A0A0L7TL53, UniRef:UniRef90_A0A1B1EKC6
contig_3	781320	781418	-	AGOCLK_03515	3.5	6.7		SO:0001217, UniParc:UPI000243BBF8, UniRef:UniRef100_A0A3B7CV84, UniRef:UniRef50_A7N469, UniRef:UniRef90_A0A3B7CV84
contig_3	782739	783026	+	AGOCLK_03525	9.7	8.8		SO:0001217, UniRef:UniRef50_A0A0L8CX62, UniRef:UniRef90_A0A1B1EKB5
contig_3	784527	784988	+	AGOCLK_03535	17.4	8.4		RefSeq:WP_024372986.1, SO:0001217, UniParc:UPI0004162743, UniRef:UniRef100_UPI0004162743, UniRef:UniRef50_A7N483, UniRef:UniRef90_A0A1B1EK45
contig_3	787041	787667	-	AGOCLK_03550	23.7	5.9		RefSeq:WP_020334964.1, SO:0001217, UniParc:UPI000357EEA7, UniRef:UniRef100_UPI000357EEA7, UniRef:UniRef50_A0A2I3CRX2, UniRef:UniRef90_A0A1B1EJX7
contig_3	840906	842225	-	AGOCLK_03745	49.3	5.3	PF06742.14|DUF1214, PF06863.15|DUF1254	PFAM:PF06742.14, PFAM:PF06863.15, SO:0001217, UniRef:UniRef50_Q5DYL6, UniRef:UniRef90_A0A2J8GNI7
contig_3	843459	844541	-	AGOCLK_03755	38.3	8.8		RefSeq:WP_014234351.1, SO:0001217, UniParc:UPI000243BD1A, UniRef:UniRef100_A0A3B7D7C9, UniRef:UniRef50_A0A0A1MRR6, UniRef:UniRef90_A0A0M0HT83
contig_3	863042	863692	-	AGOCLK_03820	23.1	4.1		RefSeq:WP_020335990.1, SO:0001217, UniParc:UPI0003582E3A, UniRef:UniRef100_UPI0003582E3A, UniRef:UniRef50_A0A1B1EK78, UniRef:UniRef90_A0A1B1EK78
contig_3	864870	865991	-	AGOCLK_03830	42.5	5.7		RefSeq:WP_020335993.1, SO:0001217, UniParc:UPI0003571DDA, UniRef:UniRef100_UPI0003571DDA, UniRef:UniRef50_A0A1B1EKK0, UniRef:UniRef90_A0A1B1EKK0
contig_3	865991	866815	-	AGOCLK_03835	31.1	6.4		RefSeq:WP_020335994.1, SO:0001217, UniParc:UPI0003577161, UniRef:UniRef100_UPI0003577161, UniRef:UniRef50_A0A1B1EK01, UniRef:UniRef90_A0A1B1EK01
contig_3	872085	873821	-	AGOCLK_03865	65.8	5.7		RefSeq:WP_020336000.1, SO:0001217, UniParc:UPI00035768CD, UniRef:UniRef100_UPI00035768CD, UniRef:UniRef50_A0A0L1L9Q0, UniRef:UniRef90_A0A4P8G494
contig_3	930031	930264	-	AGOCLK_04115	8.9	5.8		RefSeq:WP_020336044.1, SO:0001217, UniParc:UPI00035819A1, UniRef:UniRef100_UPI00035819A1, UniRef:UniRef50_UPI000243B911, UniRef:UniRef90_UPI000243B911
contig_3	930304	930561	-	AGOCLK_04120	9.8	5.5		RefSeq:WP_020336045.1, SO:0001217, UniParc:UPI0003578B9F, UniRef:UniRef100_UPI0003578B9F, UniRef:UniRef50_UPI001EEB1921, UniRef:UniRef90_UPI000243B910
contig_3	930592	931197	-	AGOCLK_04125	22.9	9.3		RefSeq:WP_020336046.1, SO:0001217, UniParc:UPI0003580E22, UniRef:UniRef100_UPI0003580E22, UniRef:UniRef50_UPI001EEAC2FE, UniRef:UniRef90_UPI001EEAC2FE
contig_3	931279	932016	-	AGOCLK_04130	27.0	8.9		RefSeq:WP_020336047.1, SO:0001217, UniParc:UPI000357048D, UniRef:UniRef100_UPI000357048D, UniRef:UniRef50_UPI00081C28E2, UniRef:UniRef90_UPI00081C28E2
contig_3	932246	932584	-	AGOCLK_04135	13.3	10.5		RefSeq:WP_020336048.1, SO:0001217, UniParc:UPI0003576858, UniRef:UniRef100_UPI0003576858, UniRef:UniRef50_A7MTH2, UniRef:UniRef90_UPI00081AA1C1
contig_3	948030	948431	+	AGOCLK_04185	15.3	6.1		RefSeq:WP_020336059.1, SO:0001217, UniParc:UPI000358323E, UniRef:UniRef100_UPI000358323E, UniRef:UniRef50_UPI000358323E, UniRef:UniRef90_UPI000358323E
contig_3	987292	987729	-	AGOCLK_04365	16.8	5.0		RefSeq:WP_020336099.1, SO:0001217, UniParc:UPI000357D5FE, UniRef:UniRef100_UPI000357D5FE, UniRef:UniRef50_UPI000357D5FE, UniRef:UniRef90_UPI000357D5FE
contig_3	994561	995010	-	AGOCLK_04400	16.6	5.3	PF04170.15|NlpE	PFAM:PF04170.15, RefSeq:WP_020335173.1, SO:0001217, UniParc:UPI0003582A31, UniRef:UniRef100_UPI0003582A31, UniRef:UniRef50_A0A2N7DED1, UniRef:UniRef90_UPI0003582A31
contig_3	1002635	1003234	-	AGOCLK_04430	22.2	4.9		RefSeq:WP_020335178.1, SO:0001217, UniParc:UPI000357CB84, UniRef:UniRef100_UPI000357CB84, UniRef:UniRef50_A0A3Q0L0Z2, UniRef:UniRef90_UPI001EFE17DA
contig_3	1009044	1009946	+	AGOCLK_04465	32.9	4.5		RefSeq:WP_020335183.1, SO:0001217, UniParc:UPI0003574126, UniRef:UniRef100_UPI0003574126, UniRef:UniRef50_E1STV6, UniRef:UniRef90_UPI001EFC3427
contig_3	1048111	1048233	+	AGOCLK_04635	4.8	9.8		
contig_3	1071373	1071666	-	AGOCLK_04735	11.1	4.8		RefSeq:WP_020335232.1, SO:0001217, UniParc:UPI0003571122, UniRef:UniRef100_UPI0003571122, UniRef:UniRef50_A0A1B1EJP7, UniRef:UniRef90_A0A3B7D6A9
contig_3	1071731	1072075	+	AGOCLK_04740	13.3	5.8		RefSeq:WP_020335233.1, SO:0001217, UniParc:UPI0003572ACB, UniRef:UniRef100_UPI001F2C1F98, UniRef:UniRef50_A0A344KT08, UniRef:UniRef90_A0A344KT08
contig_3	1073779	1074714	-	AGOCLK_04755	33.5	4.3		
contig_3	1074671	1074805	-	AGOCLK_04760	4.6	9.8		
contig_3	1075334	1076296	+	AGOCLK_04765	33.6	4.1		RefSeq:WP_152490593.1, SO:0001217, UniParc:UPI0004121229, UniRef:UniRef100_UPI0004121229, UniRef:UniRef50_UPI001EFCE5D9, UniRef:UniRef90_UPI001EFCE5D9
contig_3	1076741	1080136	-	AGOCLK_04770	120.9	4.1		RefSeq:WP_020335239.1, SO:0001217, UniParc:UPI000357751F, UniRef:UniRef100_UPI000357751F, UniRef:UniRef50_A0A1B1EJD9, UniRef:UniRef90_A0A1B1EJD9
contig_3	1081986	1082477	-	AGOCLK_04780	18.2	6.6		RefSeq:WP_020335241.1, SO:0001217, UniParc:UPI00035763C4, UniRef:UniRef100_UPI00035763C4, UniRef:UniRef50_A0A521SAN0, UniRef:UniRef90_A0A1B1EJK4
contig_3	1090296	1090538	-	AGOCLK_04830	9.1	4.2		RefSeq:WP_020335251.1, SO:0001217, UniParc:UPI000357BD26, UniRef:UniRef100_UPI000357BD26, UniRef:UniRef50_A0A1B1EJJ4, UniRef:UniRef90_A0A1B1EJJ4
contig_3	1108077	1108730	-	AGOCLK_04895	23.7	4.2		RefSeq:WP_020335261.1, SO:0001217, UniParc:UPI0003570A52, UniRef:UniRef100_UPI0003570A52, UniRef:UniRef50_A0A1B1EJA0, UniRef:UniRef90_A0A1B1EJA0
contig_3	1117444	1117692	+	AGOCLK_04935	8.9	4.9		RefSeq:WP_020335268.1, SO:0001217, UniParc:UPI000357F51E, UniRef:UniRef100_A0A3B7D612, UniRef:UniRef50_A0A7X8YJ45, UniRef:UniRef90_A0A1B1EJ84
contig_3	1136629	1137837	-	AGOCLK_05030	45.9	4.8		RefSeq:WP_020335287.1, SO:0001217, UniParc:UPI000357DB23, UniRef:UniRef100_UPI000357DB23, UniRef:UniRef50_Q6LI85, UniRef:UniRef90_A0A3B7DBR6
contig_3	1143445	1143987	+	AGOCLK_05070	20.5	6.1		RefSeq:WP_020335292.1, SO:0001217, UniParc:UPI0003570655, UniRef:UniRef100_A0A1B1EJ53, UniRef:UniRef50_A0A2I3CTK1, UniRef:UniRef90_A0A1B1EJ53
contig_3	1162538	1162672	-	AGOCLK_05175	4.7	10.4		SO:0001217, UniParc:UPI000243B56E, UniRef:UniRef100_A0A3B7D7F6, UniRef:UniRef50_A0A221WYK2, UniRef:UniRef90_A0A3B7D7F6
contig_3	1162802	1163149	-	AGOCLK_05180	13.4	4.5		RefSeq:WP_014234656.1, SO:0001217, UniParc:UPI000243B56F, UniRef:UniRef100_A0A1B1EJS6, UniRef:UniRef50_A0A2A9G660, UniRef:UniRef90_A0A2A9G660
contig_3	1167844	1168476	-	AGOCLK_05200	23.8	5.0		RefSeq:WP_020335313.1, SO:0001217, UniParc:UPI000357B49F, UniRef:UniRef100_A0A3B7D626, UniRef:UniRef50_S5IUB0, UniRef:UniRef90_A0A1B1EJ30
contig_3	1174358	1174714	-	AGOCLK_05225	14.5	9.7		RefSeq:WP_020335318.1, SO:0001217, UniParc:UPI000357936E, UniRef:UniRef100_UPI000357936E, UniRef:UniRef50_A0A1B1EJC6, UniRef:UniRef90_A0A1B1EJC6
contig_3	1176785	1177093	-	AGOCLK_05235	12.0	5.4		RefSeq:WP_020335319.1, SO:0001217, UniParc:UPI0003571A7D, UniRef:UniRef100_UPI0003571A7D, UniRef:UniRef50_S5IUB3, UniRef:UniRef90_A0A1B1EJ32
contig_3	1177627	1178373	+	AGOCLK_05245	28.1	10.0		RefSeq:WP_020335320.1, SO:0001217, UniParc:UPI000356EC2C, UniRef:UniRef100_UPI000356EC2C, UniRef:UniRef50_A0A1P8MJX2, UniRef:UniRef90_A0A1B1EJ16
contig_3	1180398	1180520	+	AGOCLK_05255	4.8	9.5		
contig_3	1186389	1186760	-	AGOCLK_05290	14.3	5.1		RefSeq:WP_014234677.1, SO:0001217, UniParc:UPI000243B584, UniRef:UniRef100_A0A3B7D5U5, UniRef:UniRef50_Q87IW9, UniRef:UniRef90_A0A1B1EJ27
contig_3	1191442	1191837	+	AGOCLK_05300	14.5	5.8		RefSeq:WP_076633466.1, SO:0001217, UniParc:UPI00040AFE59, UniRef:UniRef100_UPI00040AFE59, UniRef:UniRef50_Q87IX2, UniRef:UniRef90_A0A3B7CZT1
contig_3	1202851	1203003	-	AGOCLK_05340	5.3	9.1		RefSeq:WP_014234686.1, SO:0001217, UniParc:UPI000243B685, UniRef:UniRef100_A0A3B7D5T5, UniRef:UniRef50_C9QEZ9, UniRef:UniRef90_A0A3B7D5T5
contig_3	1208970	1209263	-	AGOCLK_05370	11.1	4.9		RefSeq:WP_014234702.1, SO:0001217, UniParc:UPI000243B695, UniRef:UniRef100_A0A1B1EIX9, UniRef:UniRef50_A0A072L5J6, UniRef:UniRef90_A0A1B1EIX9
contig_3	1227517	1227696	+	AGOCLK_05440	6.1	7.9		RefSeq:WP_020335353.1, SO:0001217, UniParc:UPI000357F568, UniRef:UniRef100_UPI000357F568, UniRef:UniRef50_A0A0C3IC11, UniRef:UniRef90_UPI000357F568
contig_3	1239271	1239372	+	AGOCLK_05490	3.7	5.1		
contig_3	1245508	1245714	-	AGOCLK_05520	7.4	9.2		RefSeq:WP_014234731.1, SO:0001217, UniParc:UPI000243B7AC, UniRef:UniRef100_A0A1B1ELJ1, UniRef:UniRef50_A0A1B1ELJ1, UniRef:UniRef90_A0A1B1ELJ1
contig_3	1249243	1249332	-	AGOCLK_05550	3.2	4.6		
contig_3	1250062	1250661	+	AGOCLK_05560	21.5	9.6		RefSeq:WP_020335370.1, SO:0001217, UniParc:UPI0003577B07, UniRef:UniRef100_UPI0003577B07, UniRef:UniRef50_Q87J36, UniRef:UniRef90_A0A1B1EIU8
contig_3	1252739	1253221	-	AGOCLK_05575	18.7	4.1		RefSeq:WP_024372865.1, SO:0001217, UniParc:UPI000462C390, UniRef:UniRef100_UPI000462C390, UniRef:UniRef50_A7N658, UniRef:UniRef90_A0A1B1ELQ7
contig_3	1263234	1264595	-	AGOCLK_05625	51.7	5.0		RefSeq:WP_020335380.1, SO:0001217, UniParc:UPI000358063A, UniRef:UniRef100_UPI000358063A, UniRef:UniRef50_A0A1B1EIZ5, UniRef:UniRef90_A0A1B1EIZ5
contig_3	1270910	1271755	-	AGOCLK_05655	32.5	5.1		RefSeq:WP_020335386.1, SO:0001217, UniParc:UPI0003578D12, UniRef:UniRef100_UPI0003578D12, UniRef:UniRef50_UPI001FBA44B7, UniRef:UniRef90_UPI001FBA44B7
contig_3	1286613	1287755	-	AGOCLK_05730	38.0	4.1		RefSeq:WP_020335401.1, SO:0001217, UniParc:UPI000357C02F, UniRef:UniRef100_UPI000357C02F, UniRef:UniRef50_A0A3B7D1R6, UniRef:UniRef90_A0A3B7D1R6
contig_3	1295900	1296478	-	AGOCLK_05770	20.4	5.3		RefSeq:WP_020335408.1, SO:0001217, UniParc:UPI000357B96E, UniRef:UniRef100_UPI000357B96E, UniRef:UniRef50_A0A0J1HFT4, UniRef:UniRef90_A0A1B1EJG4
contig_3	1297851	1298615	-	AGOCLK_05780	28.8	4.9		RefSeq:WP_020335410.1, SO:0001217, UniParc:UPI000357776C, UniRef:UniRef100_UPI000357776C, UniRef:UniRef50_A0A109X6B9, UniRef:UniRef90_A0A1B1EIS9
contig_3	1298605	1299903	-	AGOCLK_05785	45.9	5.3		RefSeq:WP_020335411.1, SO:0001217, UniParc:UPI0003581035, UniRef:UniRef100_UPI0003581035, UniRef:UniRef50_A0A0J1GQM9, UniRef:UniRef90_A0A1B1EIS7
contig_3	1299922	1301319	-	AGOCLK_05790	50.3	5.6		RefSeq:WP_020335413.1, SO:0001217, UniParc:UPI000357DF62, UniRef:UniRef100_UPI000357DF62, UniRef:UniRef50_A0A0J1GPN9, UniRef:UniRef90_A0A1B1EIS0
contig_3	1301301	1302479	-	AGOCLK_05795	43.4	5.2		RefSeq:WP_020335415.1, SO:0001217, UniParc:UPI0003582AED, UniRef:UniRef100_A0A1B1EIR4, UniRef:UniRef50_A0A090QHB3, UniRef:UniRef90_A0A151JLA2
contig_3	1302479	1303195	-	AGOCLK_05800	25.7	4.5		RefSeq:WP_020335416.1, SO:0001217, UniParc:UPI00035718CB, UniRef:UniRef100_UPI00035718CB, UniRef:UniRef50_A0A0J1HFU0, UniRef:UniRef90_A0A1B1EIX2
contig_3	1303224	1304123	-	AGOCLK_05805	33.4	9.1		RefSeq:WP_020335417.1, SO:0001217, UniParc:UPI000357DEB0, UniRef:UniRef100_UPI000357DEB0, UniRef:UniRef50_A0A3B7D1Q5, UniRef:UniRef90_A0A3B7D1Q5
contig_3	1311084	1311338	+	AGOCLK_05830	9.8	4.9		SO:0001217, UniRef:UniRef50_A0A0M0HM08, UniRef:UniRef50_A0A2S1MIQ8, UniRef:UniRef90_A0A2S1MIQ8, UniRef:UniRef90_A0A7Y0SMX9
contig_3	1381827	1383311	+	AGOCLK_06140	56.8	6.5		RefSeq:WP_020333420.1, SO:0001217, UniParc:UPI000356F8F5, UniRef:UniRef100_UPI000356F8F5, UniRef:UniRef50_A0A6N4AYY1, UniRef:UniRef90_A0A1B1EIF8
contig_3	1396285	1396782	+	AGOCLK_06205	19.1	5.8		RefSeq:WP_020333433.1, SO:0001217, UniParc:UPI000357638C, UniRef:UniRef100_A0A3B7CYJ7, UniRef:UniRef50_Q6LI36, UniRef:UniRef90_A0A1B1EIH8
contig_3	1407615	1407815	+	AGOCLK_06255	7.5	9.5		RefSeq:WP_020333440.1, SO:0001217, UniParc:UPI0003574B62, UniRef:UniRef100_A0A3B7D543, UniRef:UniRef50_A0A6F8WUL5, UniRef:UniRef90_A0A6F8WUL5
contig_3	1421771	1422124	-	AGOCLK_06320	12.9	7.9		RefSeq:WP_076633446.1, SO:0001217, UniParc:UPI0009777CB9, UniRef:UniRef100_UPI0009777CB9, UniRef:UniRef50_A0A0Q0PYE6, UniRef:UniRef90_A0A3B7D5A1
contig_3	1424943	1425206	-	AGOCLK_06340	10.1	9.9		SO:0001217, UniRef:UniRef50_A7N783, UniRef:UniRef90_A0A1B1EIM6
contig_3	1439790	1439924	-	AGOCLK_06415	5.0	5.9		
contig_3	1465469	1465894	+	AGOCLK_06510	15.4	4.4		RefSeq:WP_020333477.1, SO:0001217, UniParc:UPI000357D853, UniRef:UniRef100_UPI000357D853, UniRef:UniRef50_A0A344KSL0, UniRef:UniRef90_A0A1B1EIZ9
contig_3	1527743	1528153	+	AGOCLK_06775	14.6	4.1		RefSeq:WP_020333519.1, SO:0001217, UniParc:UPI000356E6E6, UniRef:UniRef100_UPI000356E6E6, UniRef:UniRef50_A0A1B1EIF1, UniRef:UniRef90_A0A1B1EIF1
contig_3	1528234	1528518	+	AGOCLK_06780	10.2	4.9		RefSeq:WP_020333520.1, SO:0001217, UniParc:UPI000357721C, UniRef:UniRef100_UPI000357721C, UniRef:UniRef50_A0A1B1EIU6, UniRef:UniRef90_A0A1B1EIU6
contig_3	1528705	1528824	+	AGOCLK_06785	4.2	8.9		
contig_3	1610170	1610418	-	AGOCLK_07065	9.5	8.9		RefSeq:WP_014235099.1, SO:0001217, UniParc:UPI000243B28C, UniRef:UniRef100_A0A1B1EHZ5, UniRef:UniRef50_A0A1E3E8T7, UniRef:UniRef90_A0A1B1EHZ5
contig_3	1618075	1618266	-	AGOCLK_07095	7.1	10.0		SO:0001217, UniParc:UPI0003581BCF, UniRef:UniRef100_A0A1B1EI17, UniRef:UniRef50_A0A1B1EI17, UniRef:UniRef90_A0A1B1EI17
contig_3	1645570	1645728	-	AGOCLK_07200	6.1	9.3		
contig_3	1645895	1646092	+	AGOCLK_07205	7.5	5.0		RefSeq:WP_014233426.1, SO:0001217, UniParc:UPI000243B32D, UniRef:UniRef100_A0A1B1EHY7, UniRef:UniRef50_A0A0C5WDM1, UniRef:UniRef90_A0A1B1EHY7
contig_3	1647769	1648437	+	AGOCLK_07220	25.1	4.8		RefSeq:WP_020335050.1, SO:0001217, UniParc:UPI0003579643, UniRef:UniRef100_UPI0003579643, UniRef:UniRef50_F9T8F5, UniRef:UniRef90_A0A1B1EI29
contig_3	1657163	1657993	-	AGOCLK_07270	30.9	8.8		RefSeq:WP_014233438.1, SO:0001217, UniParc:UPI000243B339, UniRef:UniRef100_A0A3B7D077, UniRef:UniRef50_A0A1B1EI21, UniRef:UniRef90_A0A1B1EI21
contig_3	1664981	1665184	-	AGOCLK_07320	7.6	4.9		RefSeq:WP_014233448.1, SO:0001217, UniParc:UPI000243B343, UniRef:UniRef100_A0A1B1EI06, UniRef:UniRef50_F9RBT4, UniRef:UniRef90_A0A1B1EI06
contig_3	1670219	1670335	-	AGOCLK_07350	4.2	7.8		
contig_3	1670395	1670514	+	AGOCLK_07355	4.4	8.0		
contig_3	1676931	1677215	+	AGOCLK_07385	11.1	10.2		RefSeq:WP_020335076.1, SO:0001217, UniParc:UPI000357FE5C, UniRef:UniRef100_UPI000357FE5C, UniRef:UniRef50_A0A0E2XA93, UniRef:UniRef90_A0A1B1EHU7
contig_3	1710671	1711066	+	AGOCLK_07545	14.8	5.1		SO:0001217, UniRef:UniRef50_A0A0C3HQN9, UniRef:UniRef90_A0A1B1EHR9
contig_3	1711137	1711310	-	AGOCLK_07550	6.4	4.4		RefSeq:WP_014233493.1, SO:0001217, UniParc:UPI000243B437, UniRef:UniRef100_A0A3B7DA27, UniRef:UniRef50_A0A829T133, UniRef:UniRef90_A7N7Q5
contig_3	1765306	1765455	+	AGOCLK_07815	5.7	6.0		
contig_3	1766387	1766581	-	AGOCLK_07825	7.2	5.1		SO:0001217, UniRef:UniRef50_A0A1B1EHR6, UniRef:UniRef90_A0A1B1EHR6
contig_3	1771514	1771609	-	AGOCLK_07845	3.2	12.0		SO:0001217, UniRef:UniRef50_A0A0D1GJB0
contig_3	1798535	1798969	-	AGOCLK_07980	15.6	8.9		RefSeq:WP_014233569.1, SO:0001217, UniParc:UPI000243B64F, UniRef:UniRef100_A0A1B1EHK1, UniRef:UniRef50_A0A0D1SQI5, UniRef:UniRef90_A0A1B1EHK1
contig_3	1825625	1826296	-	AGOCLK_08090	25.0	7.7		RefSeq:WP_014233591.1, SO:0001217, UniParc:UPI000243B758, UniRef:UniRef100_A0A3B7CXM5, UniRef:UniRef50_A7N792, UniRef:UniRef90_A0A1B1EHH9
contig_3	1826385	1826513	+	AGOCLK_08095	4.7	7.9		
contig_3	1835287	1835436	-	AGOCLK_08135	5.7	8.2		
contig_3	1837160	1837615	+	AGOCLK_08145	16.1	4.6		RefSeq:WP_020334388.1, SO:0001217, UniParc:UPI000356EC00, UniRef:UniRef100_UPI000356EC00, UniRef:UniRef50_A0A822MYK8, UniRef:UniRef90_A0A1B1EHH0
contig_3	1856872	1857066	+	AGOCLK_08265	7.4	5.6		RefSeq:WP_020334409.1, SO:0001217, UniParc:UPI000357B14D, UniRef:UniRef100_UPI000357B14D, UniRef:UniRef50_A0A099MG38, UniRef:UniRef90_A0A0C3E6V9
contig_3	1880893	1881156	-	AGOCLK_08365	9.5	9.4		RefSeq:WP_076633450.1, SO:0001217, UniParc:UPI000413B4EB, UniRef:UniRef100_A0A3B7CZR6, UniRef:UniRef50_A0A2I3CNR2, UniRef:UniRef90_A0A3B7CZR6
contig_3	1909661	1909942	+	AGOCLK_08475	10.9	5.9		
contig_3	1913516	1913719	+	AGOCLK_08490	8.0	9.1		RefSeq:WP_020334074.1, SO:0001217, UniParc:UPI0003572605, UniRef:UniRef100_UPI0003572605, UniRef:UniRef50_S5IL26, UniRef:UniRef90_A0A1B1EH89
contig_3	1913747	1913911	+	AGOCLK_08495	6.4	9.5		
contig_1	98679	98927	+	AGOCLK_09050	9.4	10.2		SO:0001217, UniRef:UniRef50_A0A1B1EGQ5, UniRef:UniRef90_A0A1B1EGQ5
contig_1	136117	136599	-	AGOCLK_09200	17.9	7.7		RefSeq:WP_014233252.1, SO:0001217, UniParc:UPI000243BEE9, UniRef:UniRef100_A0A1B1EFM0, UniRef:UniRef90_A7MXI4
contig_1	157290	157892	+	AGOCLK_09290	22.9	7.9		RefSeq:WP_020336205.1, SO:0001217, UniParc:UPI000358045A, UniRef:UniRef100_UPI000358045A, UniRef:UniRef50_Q87NL6, UniRef:UniRef90_UPI000358045A
contig_1	207672	207839	-	AGOCLK_09580	6.3	9.4		
contig_1	275224	275325	+	AGOCLK_09905	3.9	8.8		
contig_1	276462	276692	+	AGOCLK_09920	8.7	4.7		RefSeq:WP_014233130.1, SO:0001217, UniParc:UPI000243BA8C, UniRef:UniRef100_A0A1B1EF98, UniRef:UniRef50_Q6LM57, UniRef:UniRef90_A0A061QC77
contig_1	351555	351650	+	AGOCLK_10205	3.7	6.5		
contig_1	436799	437134	+	AGOCLK_10725	12.4	5.8		SO:0001217, UniRef:UniRef50_A0A1B1EHB7, UniRef:UniRef90_A0A1B1EHB7
contig_1	465215	465427	+	AGOCLK_10855	7.6	4.3		
contig_1	564078	564194	+	AGOCLK_11290	4.3	9.4		
contig_1	602357	602461	+	AGOCLK_11460	3.9	9.9		
contig_1	621438	621647	+	AGOCLK_11540	8.7	9.9	PF06568.14|DUF1127	PFAM:PF06568.14, RefSeq:WP_020334464.1, SO:0001217, UniParc:UPI00035747E0, UniRef:UniRef100_UPI00035747E0, UniRef:UniRef50_A0A0C1VXX0, UniRef:UniRef90_A0A3B7CZK5
contig_1	624677	624850	+	AGOCLK_11555	6.4	4.1		RefSeq:WP_020334461.1, SO:0001217, UniParc:UPI0003574213, UniRef:UniRef100_UPI0003574213, UniRef:UniRef50_U3A333, UniRef:UniRef90_UPI0003574213
contig_1	629083	629304	+	AGOCLK_11580	8.0	4.5		RefSeq:WP_020334456.1, SO:0001217, UniParc:UPI0003580B8D, UniRef:UniRef100_UPI0003580B8D, UniRef:UniRef50_A0A0M0HYT6, UniRef:UniRef90_UPI0003580B8D
contig_1	642542	644266	-	AGOCLK_11650	65.7	6.8		RefSeq:WP_020334330.1, SO:0001217, UniParc:UPI0003575CC2, UniRef:UniRef100_UPI0003575CC2, UniRef:UniRef50_A0A6G7CL26, UniRef:UniRef90_UPI0003575CC2
contig_1	712090	712200	-	AGOCLK_11940	4.2	11.3		
contig_1	719798	720091	-	AGOCLK_11985	10.9	9.0		RefSeq:WP_020335155.1, SO:0001217, UniParc:UPI0003571B69, UniRef:UniRef100_UPI0003571B69, UniRef:UniRef50_B7VIS7, UniRef:UniRef90_A0A1B1EEB9
contig_1	758015	758113	-	AGOCLK_12175	3.5	5.9		
contig_1	859796	859969	+	AGOCLK_12665	6.6	9.8		
contig_1	875174	875302	+	AGOCLK_12725	4.8	5.9		SO:0001217, UniParc:UPI000243BB75, UniRef:UniRef100_A0A3B7CZV3, UniRef:UniRef50_E1SW99, UniRef:UniRef90_A0A3B7CZV3
contig_1	885842	886201	-	AGOCLK_12785	12.6	4.7		RefSeq:WP_020334554.1, SO:0001217, UniParc:UPI0003575DCA, UniRef:UniRef100_UPI0003575DCA, UniRef:UniRef50_B7VLA6, UniRef:UniRef90_A0A1B1EDT1
contig_1	977456	978262	-	AGOCLK_13205	31.2	5.8		RefSeq:WP_020335652.1, SO:0001217, UniParc:UPI000358328C, UniRef:UniRef100_UPI000358328C, UniRef:UniRef50_A7K4L3, UniRef:UniRef90_A0A1B1EDG1
contig_1	1009084	1009494	+	AGOCLK_13340	14.8	4.4		RefSeq:WP_014232481.1, SO:0001217, UniParc:UPI000243B718, UniRef:UniRef100_A0A1B1EGK6, UniRef:UniRef50_A0A109X1L3, UniRef:UniRef90_A0A1B1EGK6
contig_1	1009566	1009661	-	AGOCLK_13345	3.3	10.1		SO:0001217, UniRef:UniRef50_M4U5X4, UniRef:UniRef90_A7MVH2
contig_1	1032395	1032634	-	AGOCLK_13440	9.0	5.8		RefSeq:WP_014232461.1, SO:0001217, UniParc:UPI000243B704, UniRef:UniRef100_A0A1B1EDC4, UniRef:UniRef50_A7MUQ2, UniRef:UniRef90_A0A1B1EDC4
contig_1	1067826	1068359	-	AGOCLK_13565	19.3	4.3		RefSeq:WP_014232435.1, SO:0001217, UniParc:UPI000243B602, UniRef:UniRef100_A0A1B1EDB0, UniRef:UniRef50_C4LEM4, UniRef:UniRef90_A0A1B1EDB0
contig_1	1080520	1081206	+	AGOCLK_13615	25.3	9.9		RefSeq:WP_020335578.1, SO:0001217, UniParc:UPI0003571C1C, UniRef:UniRef100_UPI0003571C1C, UniRef:UniRef50_B7VML7, UniRef:UniRef90_A0A1B1ED98
contig_1	1087226	1087468	-	AGOCLK_13655	9.1	5.7		RefSeq:WP_014232417.1, SO:0001217, UniParc:UPI000243B4F1, UniRef:UniRef100_A0A1B1EDX7, UniRef:UniRef50_B7VMM5, UniRef:UniRef90_A0A1B1EDX7
contig_1	1090088	1090354	-	AGOCLK_13665	10.3	9.0		SO:0001217, UniRef:UniRef50_A0A1B1ED87, UniRef:UniRef90_A0A1B1ED87
contig_1	1161389	1161643	+	AGOCLK_13970	9.6	5.0		SO:0001217, UniRef:UniRef50_A0A3B7CTK1, UniRef:UniRef90_A0A3B7CTK1
contig_1	1161894	1162154	-	AGOCLK_13975	9.8	5.1		RefSeq:WP_020335526.1, SO:0001217, UniParc:UPI000356F4CE, UniRef:UniRef100_UPI000356F4CE, UniRef:UniRef50_Q7MJR7, UniRef:UniRef90_A0A1B1ED20
contig_1	1173730	1173915	+	AGOCLK_14025	7.0	4.5		RefSeq:WP_014232347.1, SO:0001217, UniParc:UPI000243B2FD, UniRef:UniRef100_A0A1B1ED35, UniRef:UniRef50_A0A0H0Y7W5, UniRef:UniRef90_A0A1B1ED35
contig_1	1180346	1180585	-	AGOCLK_14060	9.0	8.6		RefSeq:WP_152490602.1, SO:0001217, UniParc:UPI000AD68E89, UniRef:UniRef100_UPI000AD68E89, UniRef:UniRef50_UPI000AD68E89, UniRef:UniRef90_UPI000AD68E89
contig_1	1182410	1182625	-	AGOCLK_14075	7.9	4.4		RefSeq:WP_020335511.1, SO:0001217, UniParc:UPI000357AF3C, UniRef:UniRef100_UPI000357AF3C, UniRef:UniRef50_A0A066RUS7, UniRef:UniRef90_UPI001BD46328
contig_1	1182625	1182882	-	AGOCLK_14080	9.5	9.6		RefSeq:WP_020335510.1, SO:0001217, UniParc:UPI0003582989, UniRef:UniRef100_UPI0003582989, UniRef:UniRef50_UPI0008033A56, UniRef:UniRef90_UPI0003582989
contig_1	1182875	1183087	-	AGOCLK_14085	8.1	8.6		RefSeq:WP_020335509.1, SO:0001217, UniParc:UPI000357A6E6, UniRef:UniRef100_UPI000357A6E6, UniRef:UniRef50_UPI000357A6E6, UniRef:UniRef90_UPI000357A6E6
contig_1	1183089	1183466	-	AGOCLK_14090	14.1	9.7		RefSeq:WP_020335508.1, SO:0001217, UniParc:UPI0003581D73, UniRef:UniRef100_UPI0003581D73, UniRef:UniRef50_UPI001BD3EB46, UniRef:UniRef90_UPI001BD3EB46
contig_1	1184376	1184768	-	AGOCLK_14100	14.2	5.5		RefSeq:WP_020335506.1, SO:0001217, UniParc:UPI000357DD06, UniRef:UniRef100_UPI000357DD06, UniRef:UniRef50_A0A2A4GHT4, UniRef:UniRef90_UPI00146A063E
contig_1	1185091	1185480	-	AGOCLK_14105	14.5	5.8		RefSeq:WP_020335505.1, SO:0001217, UniParc:UPI00035738B2, UniRef:UniRef100_UPI00035738B2, UniRef:UniRef50_UPI00186A8AC1, UniRef:UniRef90_UPI00035738B2
contig_1	1185473	1185718	-	AGOCLK_14110	9.4	6.8		RefSeq:WP_020335504.1, SO:0001217, UniParc:UPI0003575C64, UniRef:UniRef100_UPI0003575C64, UniRef:UniRef50_UPI0003575C64, UniRef:UniRef90_UPI0003575C64
contig_1	1185734	1186597	-	AGOCLK_14115	32.2	4.8		RefSeq:WP_020335503.1, SO:0001217, UniParc:UPI00035836CE, UniRef:UniRef100_UPI00035836CE, UniRef:UniRef50_UPI00186AAAA0, UniRef:UniRef90_UPI00186AAAA0
contig_1	1188213	1188404	+	AGOCLK_14135	7.2	6.6		RefSeq:WP_020335499.1, SO:0001217, UniParc:UPI0003576A7A, UniRef:UniRef100_UPI0003576A7A, UniRef:UniRef50_UPI001EEC9A01, UniRef:UniRef90_UPI001EEC9A01
contig_1	1188436	1188597	+	AGOCLK_14140	6.3	9.7		
contig_1	1188584	1188757	+	AGOCLK_14145	6.3	10.6		RefSeq:WP_020335496.1, SO:0001217, UniParc:UPI0003570ED9, UniRef:UniRef100_UPI0003570ED9, UniRef:UniRef50_UPI001BD2D97F, UniRef:UniRef90_UPI001BD2D97F
contig_1	1188757	1188972	+	AGOCLK_14150	7.6	5.0		RefSeq:WP_020335495.1, SO:0001217, UniParc:UPI000357AF52, UniRef:UniRef100_UPI000357AF52, UniRef:UniRef50_UPI0015F3B479, UniRef:UniRef90_UPI001AD8494A
contig_1	1189951	1190145	+	AGOCLK_14160	7.2	9.7		
contig_1	1190157	1190345	+	AGOCLK_14165	7.0	9.1		SO:0001217, UniRef:UniRef50_A0A0J1HAG6, UniRef:UniRef90_UPI001C9C26F3
contig_1	1192017	1192649	-	AGOCLK_14185	23.9	5.3		RefSeq:WP_152490601.1, SO:0001217, UniParc:UPI0003FD42F3, UniRef:UniRef100_UPI0003FD42F3, UniRef:UniRef50_UPI0006968E1E, UniRef:UniRef90_UPI000803D2F2
contig_1	1192767	1193144	-	AGOCLK_14190	13.5	6.7		RefSeq:WP_020335487.1, SO:0001217, UniParc:UPI00035704FA, UniRef:UniRef100_UPI00035704FA, UniRef:UniRef50_A0A4U2DCG1, UniRef:UniRef90_UPI00035704FA
contig_1	1193337	1193711	-	AGOCLK_14195	14.1	7.7		RefSeq:WP_024372904.1, SO:0001217, UniParc:UPI0004627A4A, UniRef:UniRef100_UPI0004627A4A, UniRef:UniRef50_UPI0020230876, UniRef:UniRef90_UPI00059B0BBB
contig_1	1193805	1194494	+	AGOCLK_14200	25.4	6.6		RefSeq:WP_020335485.1, SO:0001217, UniParc:UPI0003572BD3, UniRef:UniRef100_UPI0003572BD3, UniRef:UniRef50_UPI001122DA66, UniRef:UniRef90_UPI0003572BD3
contig_1	1194565	1194831	+	AGOCLK_14205	9.6	7.9		RefSeq:WP_020335484.1, SO:0001217, UniParc:UPI0003571347, UniRef:UniRef100_UPI0003571347, UniRef:UniRef50_UPI001EE9E408, UniRef:UniRef90_UPI0015F5B3AE
contig_1	1194831	1195325	+	AGOCLK_14210	18.6	6.1		RefSeq:WP_020335483.1, SO:0001217, UniParc:UPI000357BA33, UniRef:UniRef100_UPI000357BA33, UniRef:UniRef50_A0A0F4NNS8, UniRef:UniRef90_UPI001B817127
contig_1	1195325	1195504	+	AGOCLK_14215	6.4	9.2		RefSeq:WP_020335482.1, SO:0001217, UniParc:UPI000357D03E, UniRef:UniRef100_UPI000357D03E, UniRef:UniRef50_A0A0S3JSW4, UniRef:UniRef90_UPI001CDC150A
contig_1	1195540	1196274	+	AGOCLK_14220	27.9	11.4		RefSeq:WP_020335481.1, SO:0001217, UniParc:UPI0003574BC8, UniRef:UniRef100_UPI0003574BC8, UniRef:UniRef50_UPI0008041D96, UniRef:UniRef90_UPI0003574BC8
contig_1	1198786	1199031	+	AGOCLK_14235	9.0	9.8		SO:0001217, UniRef:UniRef50_A0A5Q0TJP6, UniRef:UniRef90_UPI000804613D
contig_1	1202351	1202527	+	AGOCLK_14250	6.2	9.5		RefSeq:WP_020335472.1, SO:0001217, UniParc:UPI000357A6E7, UniRef:UniRef100_UPI000357A6E7, UniRef:UniRef50_R9TRM3, UniRef:UniRef90_UPI000A64017A
contig_1	1202533	1202832	+	AGOCLK_14255	10.2	4.2		RefSeq:WP_020335471.1, SO:0001217, UniParc:UPI0003582341, UniRef:UniRef100_UPI0003582341, UniRef:UniRef50_A0A7Y0R137, UniRef:UniRef90_UPI0003582341
contig_1	1202851	1203273	+	AGOCLK_14260	15.9	4.7		RefSeq:WP_020335470.1, SO:0001217, UniParc:UPI000357E13D, UniRef:UniRef100_UPI000357E13D, UniRef:UniRef50_A0A7Y0N0G7, UniRef:UniRef90_UPI000357E13D
contig_1	1204341	1204610	+	AGOCLK_14275	10.2	9.7		RefSeq:WP_020334692.1, SO:0001217, UniParc:UPI000357E4A2, UniRef:UniRef100_UPI000357E4A2, UniRef:UniRef50_A0A7H8DZU4, UniRef:UniRef90_UPI000357E4A2
contig_1	1204643	1204912	+	AGOCLK_14280	9.1	4.4		RefSeq:WP_020334691.1, SO:0001217, UniParc:UPI0003581C8E, UniRef:UniRef100_UPI0003581C8E, UniRef:UniRef50_A0A7Y0N0K2, UniRef:UniRef90_UPI0003581C8E
contig_1	1207279	1207887	+	AGOCLK_14290	22.0	6.2		RefSeq:WP_020334689.1, SO:0001217, UniParc:UPI00035774B5, UniRef:UniRef100_UPI00035774B5, UniRef:UniRef50_A0A6G7CHE7, UniRef:UniRef90_UPI00035774B5
contig_1	1213433	1215127	+	AGOCLK_14305	59.4	4.5		RefSeq:WP_020334686.1, SO:0001217, UniParc:UPI000357A10A, UniRef:UniRef100_UPI000357A10A, UniRef:UniRef50_UPI00035786CB, UniRef:UniRef90_UPI00035786CB
contig_1	1215124	1215756	+	AGOCLK_14310	23.5	4.3		RefSeq:WP_020334685.1, SO:0001217, UniParc:UPI000358110B, UniRef:UniRef100_UPI000358110B, UniRef:UniRef50_UPI001120F4AE, UniRef:UniRef90_UPI000358110B
contig_1	1220142	1221254	+	AGOCLK_14335	42.8	6.4		RefSeq:WP_020334679.1, SO:0001217, UniParc:UPI0003577946, UniRef:UniRef100_UPI0003577946, UniRef:UniRef50_A0A812G4D3, UniRef:UniRef90_UPI0001BACA28
contig_1	1221412	1221816	+	AGOCLK_14340	15.1	6.7		RefSeq:WP_020334678.1, SO:0001217, UniParc:UPI0003575A81, UniRef:UniRef100_UPI0003575A81, UniRef:UniRef50_UPI00077038D6, UniRef:UniRef90_UPI0003575A81
contig_1	1223719	1224009	+	AGOCLK_14360	11.2	8.8		SO:0001217, UniRef:UniRef50_A0A1B1ECX8, UniRef:UniRef90_A0A1B1ECX8
contig_1	1276901	1277065	+	AGOCLK_14560	6.2	9.4		RefSeq:WP_020336441.1, SO:0001217, UniParc:UPI0003571271, UniRef:UniRef100_UPI0003571271, UniRef:UniRef50_UPI000A7CDD37, UniRef:UniRef90_UPI000A7CDD37
contig_1	1277077	1277241	+	AGOCLK_14565	6.2	9.0		RefSeq:WP_020336440.1, SO:0001217, UniParc:UPI00031DF0DE, UniRef:UniRef100_UPI00031DF0DE, UniRef:UniRef50_UPI000A7CDD37, UniRef:UniRef90_UPI000AE28DDA
contig_1	1277252	1277470	+	AGOCLK_14570	8.2	5.1		RefSeq:WP_020336439.1, SO:0001217, UniParc:UPI000357DEB4, UniRef:UniRef100_UPI000357DEB4, UniRef:UniRef50_A0A1B1ECV8, UniRef:UniRef90_A0A1B1ECV8
contig_1	1290630	1290866	+	AGOCLK_14630	8.5	6.1		
contig_1	1291342	1291803	+	AGOCLK_14640	17.1	4.7		RefSeq:WP_020336423.1, SO:0001217, UniParc:UPI0003581B12, UniRef:UniRef100_UPI0003581B12, UniRef:UniRef50_A0A0J1H4Y4, UniRef:UniRef90_A0A3B7CXX9
contig_1	1293635	1293985	+	AGOCLK_14660	13.3	9.4		RefSeq:WP_020336418.1, SO:0001217, UniParc:UPI0003582740, UniRef:UniRef100_UPI0003582740, UniRef:UniRef50_F9T3W4, UniRef:UniRef90_A0A1B1ED06
contig_1	1296322	1296636	+	AGOCLK_14685	11.2	5.1		RefSeq:WP_020336414.1, SO:0001217, UniParc:UPI000356FB96, UniRef:UniRef100_UPI000356FB96, UniRef:UniRef50_A0A1B1ECR6, UniRef:UniRef90_A0A1B1ECR6
contig_1	1305186	1305386	-	AGOCLK_14740	7.7	5.4		RefSeq:WP_020336401.1, SO:0001217, UniParc:UPI000356F4B4, UniRef:UniRef100_UPI000356F4B4, UniRef:UniRef50_U4K3B0, UniRef:UniRef90_A0A1B1ECQ1
contig_1	1323647	1323973	+	AGOCLK_14825	13.1	9.7		RefSeq:WP_020336389.1, SO:0001217, UniParc:UPI00035733A5, UniRef:UniRef100_A0A1B1ECM2, UniRef:UniRef50_A0A3A1PV13, UniRef:UniRef90_A0A1B1ECM2
contig_1	1325063	1325539	-	AGOCLK_14835	18.0	9.2		RefSeq:WP_020336387.1, SO:0001217, UniParc:UPI000357ECB1, UniRef:UniRef100_UPI000357ECB1, UniRef:UniRef50_B7VSP8, UniRef:UniRef90_A0A1B1ECN7
contig_1	1331059	1331415	+	AGOCLK_14855	13.7	6.2		RefSeq:WP_014232007.1, SO:0001217, UniParc:UPI000243BA52, UniRef:UniRef100_A0A1B1ECP2, UniRef:UniRef50_K5U0P0, UniRef:UniRef90_A0A1B1ECP2
contig_1	1350576	1350734	+	AGOCLK_14930	6.0	10.4		RefSeq:WP_014231978.1, SO:0001217, UniParc:UPI000243B944, UniRef:UniRef100_A0A3B7CTC5, UniRef:UniRef50_A0A3B7CTC5, UniRef:UniRef90_A0A3B7CTC5
contig_1	1351589	1351972	-	AGOCLK_14940	14.1	4.8		RefSeq:WP_014231976.1, SO:0001217, UniParc:UPI000243B942, UniRef:UniRef100_UPI000243B942, UniRef:UniRef50_U4E5Z1, UniRef:UniRef90_A0A1B1ECV7
contig_1	1373742	1373969	-	AGOCLK_15040	8.6	7.7		RefSeq:WP_014231956.1, SO:0001217, UniParc:UPI000243B92F, UniRef:UniRef100_A0A1B1ECT9, UniRef:UniRef50_A0A191W4C2, UniRef:UniRef90_A0A1B1ECT9
contig_1	1384326	1384529	-	AGOCLK_15080	7.5	10.5		RefSeq:WP_014231948.1, SO:0001217, UniParc:UPI000243B927, UniRef:UniRef100_UPI000243B927, UniRef:UniRef50_A0A1B1ECH0, UniRef:UniRef90_A0A1B1ECH0
contig_1	1385021	1385158	+	AGOCLK_15085	5.1	9.6		
contig_1	1404650	1404763	+	AGOCLK_15165	4.5	9.7		
contig_1	1415874	1416035	+	AGOCLK_15210	6.2	8.8		
contig_1	1424764	1434618	+	AGOCLK_15260	337.3	4.1	PF00353.22|HemolysinCabind, PF03160.17|Calx-beta, PF03160.17|Calx-beta, PF03160.17|Calx-beta, PF03160.17|Calx-beta, PF03160.17|Calx-beta, PF03160.17|Calx-beta, PF03160.17|Calx-beta, PF03160.17|Calx-beta, PF03160.17|Calx-beta, PF03160.17|Calx-beta, PF03160.17|Calx-beta, PF03160.17|Calx-beta, PF03160.17|Calx-beta, PF03160.17|Calx-beta, PF03160.17|Calx-beta, PF03160.17|Calx-beta, PF03160.17|Calx-beta, PF03160.17|Calx-beta, PF03160.17|Calx-beta, PF03160.17|Calx-beta	PFAM:PF00353.22, PFAM:PF03160.17, PFAM:PF03160.17, PFAM:PF03160.17, PFAM:PF03160.17, PFAM:PF03160.17, PFAM:PF03160.17, PFAM:PF03160.17, PFAM:PF03160.17, PFAM:PF03160.17, PFAM:PF03160.17, PFAM:PF03160.17, PFAM:PF03160.17, PFAM:PF03160.17, PFAM:PF03160.17, PFAM:PF03160.17, PFAM:PF03160.17, PFAM:PF03160.17, PFAM:PF03160.17, PFAM:PF03160.17, PFAM:PF03160.17, RefSeq:WP_155521824.1, SO:0001217, UniParc:UPI000B0293DE, UniRef:UniRef100_UPI000B0293DE, UniRef:UniRef50_A0A3B7CR08, UniRef:UniRef90_A0A3B7CR08
contig_1	1438350	1438577	+	AGOCLK_15290	8.4	7.9		
contig_1	1446773	1448125	-	AGOCLK_15335	52.7	9.6		RefSeq:WP_020333309.1, SO:0001217, UniParc:UPI0003578AFC, UniRef:UniRef100_UPI0003578AFC, UniRef:UniRef50_D0IEU7, UniRef:UniRef90_A0A0H0YF91
contig_1	1460265	1460930	+	AGOCLK_15385	25.2	4.5		RefSeq:WP_014231891.1, SO:0001217, UniParc:UPI000243B6EE, UniRef:UniRef100_A0A1B1ECC7, UniRef:UniRef50_U3ASH9, UniRef:UniRef90_A0A1B1ECC7
contig_1	1481454	1481786	+	AGOCLK_15455	12.8	9.9		SO:0001217, UniRef:UniRef50_A7MWH1, UniRef:UniRef90_A0A1B1ECD3
contig_1	1484624	1485031	+	AGOCLK_15480	15.0	6.5		RefSeq:WP_020333293.1, SO:0001217, UniParc:UPI000357AA96, UniRef:UniRef100_UPI000357AA96, UniRef:UniRef50_H8FRY8, UniRef:UniRef90_A0A1B1EGM1
contig_1	1485852	1486289	+	AGOCLK_15490	16.3	7.8		RefSeq:WP_020333291.1, SO:0001217, UniParc:UPI00035788D6, UniRef:UniRef100_A0A1B1ECA8, UniRef:UniRef50_A0A1B1ECA8, UniRef:UniRef90_A0A1B1ECA8
contig_1	1486766	1487002	+	AGOCLK_15495	8.9	5.5		SO:0001217, UniRef:UniRef50_A0A3B7CVZ6, UniRef:UniRef90_A0A3B7CVZ6
contig_1	1490874	1491230	-	AGOCLK_15510	13.3	8.6		RefSeq:WP_020333288.1, SO:0001217, UniParc:UPI00035716E0, UniRef:UniRef100_UPI00035716E0, UniRef:UniRef50_A0A0H0YF42, UniRef:UniRef90_A0A1B1ECC0
contig_1	1502604	1503404	-	AGOCLK_15575	29.3	7.8		RefSeq:WP_020333278.1, SO:0001217, UniParc:UPI00035723BA, UniRef:UniRef100_UPI00035723BA, UniRef:UniRef50_A0A193KC23, UniRef:UniRef90_A0A1B1ECA4
contig_1	1509853	1510029	+	AGOCLK_15610	6.2	6.4		RefSeq:WP_014231823.1, SO:0001217, UniParc:UPI000243B4D3, UniRef:UniRef100_UPI000243B4D3, UniRef:UniRef50_A0A510I566, UniRef:UniRef90_UPI001F342324
contig_1	1514877	1514999	+	AGOCLK_15635	4.4	6.0		
contig_1	1539517	1539897	-	AGOCLK_15760	14.7	9.5		RefSeq:WP_014231793.1, SO:0001217, UniParc:UPI000243B4B5, UniRef:UniRef100_A0A1B1ECX2, UniRef:UniRef50_Q87PL2, UniRef:UniRef90_A0A1B1ECX2
contig_1	1560011	1560523	-	AGOCLK_15850	19.4	4.6		SO:0001217, UniRef:UniRef50_A0A3B7CX99, UniRef:UniRef90_A0A3B7CX99
contig_1	1560764	1561108	+	AGOCLK_15855	12.8	4.1		RefSeq:WP_014231774.1, SO:0001217, UniParc:UPI000243B3D1, UniRef:UniRef100_A0A1B1EC77, UniRef:UniRef50_A0A7Z2T3C3, UniRef:UniRef90_A0A1B1EC77
contig_1	1570336	1570530	-	AGOCLK_15890	7.1	4.2		RefSeq:WP_014231767.1, SO:0001217, UniParc:UPI000243B3CA, UniRef:UniRef100_A0A1B1ECD9, UniRef:UniRef50_A0A1B1ECD9, UniRef:UniRef90_A0A1B1ECD9
contig_1	1575481	1576029	+	AGOCLK_15910	21.8	9.9		RefSeq:WP_014231757.1, SO:0001217, UniParc:UPI000243B2DD, UniRef:UniRef100_A0A3B7CSJ2, UniRef:UniRef50_Q7MJW3, UniRef:UniRef90_A0A1B1EC67
contig_1	1576104	1576322	-	AGOCLK_15915	8.6	6.9		RefSeq:WP_020333235.1, SO:0001217, UniParc:UPI0003572259, UniRef:UniRef100_UPI0003572259, UniRef:UniRef50_A0A0X8LM92, UniRef:UniRef90_A0A1B1EC45
contig_1	1623683	1624042	-	AGOCLK_16140	13.4	4.7		RefSeq:WP_020333202.1, SO:0001217, UniParc:UPI000356E32D, UniRef:UniRef100_UPI000356E32D, UniRef:UniRef50_A0A1B1EBZ7, UniRef:UniRef90_A0A1B1EBZ7
contig_1	1625341	1626147	+	AGOCLK_16155	30.8	5.6		RefSeq:WP_020333199.1, SO:0001217, UniParc:UPI000357B68F, UniRef:UniRef100_UPI000357B68F, UniRef:UniRef50_A0A1B1EC69, UniRef:UniRef90_A0A1B1EC69
contig_1	1629041	1629247	+	AGOCLK_16175	7.9	9.5		RefSeq:WP_020333197.1, SO:0001217, UniParc:UPI000357CBC2, UniRef:UniRef100_UPI000357CBC2, UniRef:UniRef50_A0A090T146, UniRef:UniRef90_A0A1B1EBZ0
contig_1	1632517	1636551	+	AGOCLK_16200	153.5	6.1		RefSeq:WP_020333192.1, SO:0001217, UniParc:UPI000357ED18, UniRef:UniRef100_UPI000357ED18, UniRef:UniRef50_A0A1B1EBY2, UniRef:UniRef90_A0A1B1EBY2
contig_1	1636554	1637381	+	AGOCLK_16205	31.4	6.3		RefSeq:WP_020333191.1, SO:0001217, UniParc:UPI0003570100, UniRef:UniRef100_UPI0003570100, UniRef:UniRef50_C6CK37, UniRef:UniRef90_A0A1B1EC61
contig_1	1637384	1639753	+	AGOCLK_16210	91.1	5.4		RefSeq:WP_020333190.1, SO:0001217, UniParc:UPI0003572055, UniRef:UniRef100_UPI0003572055, UniRef:UniRef50_A0A1B1ECM1, UniRef:UniRef90_A0A1B1ECM1
contig_1	1643566	1646319	+	AGOCLK_16220	100.4	4.4		RefSeq:WP_020333188.1, SO:0001217, UniParc:UPI000356EB1F, UniRef:UniRef100_UPI000356EB1F, UniRef:UniRef50_A0A1B1EC08, UniRef:UniRef90_A0A1B1EC08
contig_1	1646425	1646850	-	AGOCLK_16225	16.7	9.9		RefSeq:WP_020333187.1, SO:0001217, UniParc:UPI00035739D8, UniRef:UniRef100_UPI00035739D8, UniRef:UniRef50_UPI00035739D8, UniRef:UniRef90_UPI00035739D8
contig_1	1686426	1686515	+	AGOCLK_16400	3.4	6.0		
contig_1	1691730	1692020	-	AGOCLK_16430	10.6	6.3		RefSeq:WP_020333151.1, SO:0001217, UniParc:UPI0003581DAB, UniRef:UniRef100_A0A3B7CS79, UniRef:UniRef50_A0A3B7CS79, UniRef:UniRef90_A0A3B7CS79
contig_1	1700608	1700946	-	AGOCLK_16465	13.2	5.0		RefSeq:WP_020333144.1, SO:0001217, UniParc:UPI0003576EF2, UniRef:UniRef100_A0A1B1EBW3, UniRef:UniRef50_U3A345, UniRef:UniRef90_A0A1B1EBW3
contig_1	1707665	1708102	+	AGOCLK_16500	16.7	7.8		RefSeq:WP_020333137.1, SO:0001217, UniParc:UPI000356E927, UniRef:UniRef100_A0A1B1EBV5, UniRef:UniRef50_A0A2I3BZN5, UniRef:UniRef90_A0A1B1EBV5
contig_1	1711451	1712095	-	AGOCLK_16520	24.1	4.6		RefSeq:WP_020333130.1, SO:0001217, UniParc:UPI000357220D, UniRef:UniRef100_UPI000357220D, UniRef:UniRef50_A7MWB4, UniRef:UniRef90_A0A1B1EBV6
contig_1	1712705	1713496	-	AGOCLK_16530	29.8	5.3		RefSeq:WP_020333128.1, SO:0001217, UniParc:UPI0003574293, UniRef:UniRef100_UPI0003574293, UniRef:UniRef50_A0A6N6RPE4, UniRef:UniRef90_A0A1B1ECI6
contig_1	1715059	1715439	-	AGOCLK_16545	13.7	5.3		RefSeq:WP_020333125.1, SO:0001217, UniParc:UPI0003579389, UniRef:UniRef100_UPI0003579389, UniRef:UniRef50_UPI0003579389, UniRef:UniRef90_UPI0003579389
contig_1	1716319	1716699	-	AGOCLK_16555	14.8	6.6		RefSeq:WP_020333122.1, SO:0001217, UniParc:UPI000357C73F, UniRef:UniRef100_UPI000357C73F, UniRef:UniRef50_A0A1B1EBV7, UniRef:UniRef90_A0A1B1EBV7
contig_1	1716848	1717630	-	AGOCLK_16560	29.2	5.5		RefSeq:WP_020333121.1, SO:0001217, UniParc:UPI0003571064, UniRef:UniRef100_UPI0003571064, UniRef:UniRef50_A0A2T5EGM5, UniRef:UniRef90_UPI0009C125F9
contig_1	1717894	1718145	-	AGOCLK_16565	9.2	5.5		SO:0001217, UniRef:UniRef50_A0A1B1EBU9, UniRef:UniRef90_A0A1B1EBU9
contig_1	1718520	1718777	-	AGOCLK_16570	9.2	4.9		RefSeq:WP_014231655.1, SO:0001217, UniParc:UPI000243C1CC, UniRef:UniRef100_A0A3B7CQG0, UniRef:UniRef50_A0A1B1EBU2, UniRef:UniRef90_A0A1B1EBU2
contig_1	1736766	1737383	-	AGOCLK_16670	22.6	9.4		RefSeq:WP_020333101.1, SO:0001217, UniParc:UPI0003575005, UniRef:UniRef100_UPI0003575005, UniRef:UniRef50_A0A066RWH7, UniRef:UniRef90_A0A1B1EBT1
contig_1	1738567	1739082	-	AGOCLK_16680	19.1	4.2		RefSeq:WP_020333099.1, SO:0001217, UniParc:UPI000357064C, UniRef:UniRef100_UPI000357064C, UniRef:UniRef50_A0A1B1EBS7, UniRef:UniRef90_A0A1B1EBS7
contig_1	1740139	1740324	-	AGOCLK_16690	6.7	6.5		RefSeq:WP_020333097.1, SO:0001217, UniParc:UPI0003573250, UniRef:UniRef100_A0A3B7CWT2, UniRef:UniRef50_A0A3B7CWT2, UniRef:UniRef90_A0A3B7CWT2
contig_1	1742475	1743101	-	AGOCLK_16700	23.4	4.3		RefSeq:WP_020333095.1, SO:0001217, UniParc:UPI000356E458, UniRef:UniRef100_UPI000356E458, UniRef:UniRef50_UPI001120F4AE, UniRef:UniRef90_UPI000356E458
contig_1	1743098	1744792	-	AGOCLK_16705	59.7	4.5		RefSeq:WP_020333094.1, SO:0001217, UniParc:UPI00035786CB, UniRef:UniRef100_UPI00035786CB, UniRef:UniRef50_UPI00035786CB, UniRef:UniRef90_UPI00035786CB
contig_1	1750339	1750935	-	AGOCLK_16720	21.9	7.8		RefSeq:WP_020333091.1, SO:0001217, UniParc:UPI0003577D20, UniRef:UniRef100_UPI0003577D20, UniRef:UniRef50_A0A6G7CHE7, UniRef:UniRef90_UPI0003577D20
contig_1	1750935	1753166	-	AGOCLK_16725	81.7	5.5		RefSeq:WP_020333090.1, SO:0001217, UniParc:UPI000357577B, UniRef:UniRef100_UPI000357577B, UniRef:UniRef50_UPI00057E2506, UniRef:UniRef90_UPI000357577B
contig_1	1755782	1755973	-	AGOCLK_16760	6.9	4.2		RefSeq:WP_020333081.1, SO:0001217, UniParc:UPI00035722D7, UniRef:UniRef100_UPI00035722D7, UniRef:UniRef50_A0A0S3JSV9, UniRef:UniRef90_UPI00159468A4
contig_1	1759529	1760050	-	AGOCLK_16775	18.9	9.3		SO:0001217, UniRef:UniRef50_A0A6A9VNP5, UniRef:UniRef90_UPI0005F202BD
contig_1	1764340	1764525	-	AGOCLK_16795	6.9	9.1		RefSeq:WP_020333074.1, SO:0001217, UniParc:UPI0003580537, UniRef:UniRef100_UPI0003580537, UniRef:UniRef50_A0A0S3JSW4, UniRef:UniRef90_A0A0S3JSW4
contig_1	1764567	1765025	-	AGOCLK_16800	17.2	8.6		RefSeq:WP_020333073.1, SO:0001217, UniParc:UPI0003581F46, UniRef:UniRef100_UPI0003581F46, UniRef:UniRef50_A0A0F4NNS8, UniRef:UniRef90_UPI001592D9A6
contig_1	1764991	1765272	-	AGOCLK_16805	10.3	9.2		RefSeq:WP_020333072.1, SO:0001217, UniParc:UPI000356F641, UniRef:UniRef100_UPI000356F641, UniRef:UniRef50_A0A1M7YU46, UniRef:UniRef90_UPI0011EDE64E
contig_1	1765402	1766079	-	AGOCLK_16810	26.0	5.0		RefSeq:WP_020333071.1, SO:0001217, UniParc:UPI000357948A, UniRef:UniRef100_UPI000357948A, UniRef:UniRef50_UPI000357948A, UniRef:UniRef90_UPI000357948A
contig_1	1766133	1766570	-	AGOCLK_16815	16.1	7.6		RefSeq:WP_020333069.1, SO:0001217, UniParc:UPI000357A004, UniRef:UniRef100_UPI000357A004, UniRef:UniRef50_A0A1C3JUG6, UniRef:UniRef90_A0A829TR54
contig_1	1767743	1768363	-	AGOCLK_16825	23.4	6.5		RefSeq:WP_020333066.1, SO:0001217, UniParc:UPI0003575228, UniRef:UniRef100_UPI0003575228, UniRef:UniRef50_UPI0003575228, UniRef:UniRef90_UPI0003575228
contig_1	1770634	1770765	-	AGOCLK_16845	4.8	8.8		SO:0001217, UniParc:UPI00040C6F1D, UniRef:UniRef100_A0A1W6UZ98, UniRef:UniRef50_A0A1W6UZ98, UniRef:UniRef90_A0A1W6UZ98
contig_1	1772643	1773071	+	AGOCLK_16865	16.3	5.3		RefSeq:WP_020333059.1, SO:0001217, UniParc:UPI000356E0A2, UniRef:UniRef100_UPI000356E0A2, UniRef:UniRef50_UPI000356E0A2, UniRef:UniRef90_UPI000356E0A2
contig_1	1772992	1773228	-	AGOCLK_16870	8.9	4.7		SO:0001217, UniRef:UniRef50_UPI001A8D8FC9, UniRef:UniRef90_UPI001A8D8FC9
contig_1	1773397	1773669	+	AGOCLK_16875	10.2	4.6		RefSeq:WP_020333058.1, SO:0001217, UniParc:UPI00035749B4, UniRef:UniRef100_UPI00035749B4, UniRef:UniRef50_A0A7H8DPH8, UniRef:UniRef90_A0A7H8DPH8
contig_1	1773831	1774073	+	AGOCLK_16880	9.1	10.0		RefSeq:WP_020333057.1, SO:0001217, UniParc:UPI00035754D2, UniRef:UniRef100_UPI00035754D2, UniRef:UniRef50_A0A1W6TBC8, UniRef:UniRef90_A0A1W6TBC8
contig_1	1774070	1774471	+	AGOCLK_16885	15.3	9.1		RefSeq:WP_020333056.1, SO:0001217, UniParc:UPI0003582609, UniRef:UniRef100_UPI0003582609, UniRef:UniRef50_A3UVL4, UniRef:UniRef90_UPI00084A3DD0
contig_1	1774446	1774604	+	AGOCLK_16890	5.8	4.2		SO:0001217, UniRef:UniRef50_A0A1W6TQI5, UniRef:UniRef90_A0A1W6TQI5
contig_1	1774645	1774950	+	AGOCLK_16895	11.9	9.1		RefSeq:WP_020333054.1, SO:0001217, UniParc:UPI000357C6EF, UniRef:UniRef100_UPI000357C6EF, UniRef:UniRef50_S7JLL7, UniRef:UniRef90_A0A1W6TBK5
contig_1	1775190	1775699	-	AGOCLK_16900	19.5	7.8		RefSeq:WP_061778632.1, SO:0001217, UniParc:UPI0007226537, UniRef:UniRef100_UPI0007226537, UniRef:UniRef50_UPI0007226537, UniRef:UniRef90_UPI0007226537
contig_1	1776056	1776379	-	AGOCLK_16905	12.3	5.2		RefSeq:WP_020333050.1, SO:0001217, UniParc:UPI000358199E, UniRef:UniRef100_UPI000358199E, UniRef:UniRef50_A7N8J0, UniRef:UniRef90_UPI000358199E
contig_1	1776469	1777512	-	AGOCLK_16910	39.4	5.2		RefSeq:WP_020333049.1, SO:0001217, UniParc:UPI0003579E35, UniRef:UniRef100_UPI0003579E35, UniRef:UniRef50_A0A5C6QAR6, UniRef:UniRef90_UPI0003579E35
contig_1	1777625	1778470	-	AGOCLK_16915	32.6	6.7		RefSeq:WP_020333048.1, SO:0001217, UniParc:UPI000357873F, UniRef:UniRef100_UPI000357873F, UniRef:UniRef50_A0A853J7K9, UniRef:UniRef90_UPI0012684F7C
contig_1	1811275	1814310	-	AGOCLK_17070	112.6	5.8	PF01565.26|FAD_binding_4, PF02913.22|FAD-oxidase_C, PF13183.9|Fer4_8	COG:C, COG:COG0277, PFAM:PF01565.26, PFAM:PF02913.22, PFAM:PF13183.9, RefSeq:WP_020333024.1, SO:0001217, UniParc:UPI000357A482, UniRef:UniRef100_UPI000357A482, UniRef:UniRef50_A0A3L9HYX6, UniRef:UniRef90_Q87Q80
contig_1	1818212	1818397	+	AGOCLK_17095	7.2	6.8		RefSeq:WP_014231595.1, SO:0001217, UniParc:UPI000243BFAC, UniRef:UniRef100_A0A1B1EBN3, UniRef:UniRef50_F9T0C3, UniRef:UniRef90_A0A1B1EBN3
contig_1	1848734	1849246	+	AGOCLK_17215	19.7	5.5		RefSeq:WP_020333005.1, SO:0001217, UniParc:UPI0003577096, UniRef:UniRef100_UPI0003577096, UniRef:UniRef50_A0A1B1EBL0, UniRef:UniRef90_A0A1B1EBL0
contig_1	1851083	1851208	-	AGOCLK_17225	4.8	6.7		
contig_1	1887819	1888046	+	AGOCLK_17370	8.9	8.9		RefSeq:WP_014231541.1, SO:0001217, UniParc:UPI000243BD7D, UniRef:UniRef100_A0A1B1EBI8, UniRef:UniRef50_A0A1N6M708, UniRef:UniRef90_A0A1B1EBI8
contig_1	1929783	1929920	+	AGOCLK_17550	5.3	4.1		
contig_1	1947640	1950120	+	AGOCLK_17650	90.8	4.2		RefSeq:WP_024372836.1, SO:0001217, UniParc:UPI0004179F8E, UniRef:UniRef100_UPI0004179F8E, UniRef:UniRef50_A0A1J4R775, UniRef:UniRef90_UPI0004179F8E
contig_1	1954656	1954925	-	AGOCLK_17670	10.2	4.2		RefSeq:WP_014231480.1, SO:0001217, UniParc:UPI000243BC52, UniRef:UniRef100_A0A1B1EBD1, UniRef:UniRef50_A0A1S6HWU2, UniRef:UniRef90_A0A0H0YHN2
contig_1	1965991	1966158	+	AGOCLK_17735	6.2	4.6		RefSeq:WP_014231467.1, SO:0001217, UniParc:UPI000243BB3E, UniRef:UniRef100_A0A3B7CRL5, UniRef:UniRef50_A0A1B1NQF2, UniRef:UniRef90_A0A3B7CRL5
contig_1	1992494	1992712	+	AGOCLK_17845	8.1	9.2		SO:0001217, UniParc:UPI000243BB29, UniRef:UniRef100_A0A3B7CRU9, UniRef:UniRef50_A0A3B7CRU9, UniRef:UniRef90_A0A3B7CRU9
contig_1	2009115	2009528	+	AGOCLK_17920	15.3	6.4		RefSeq:WP_020332903.1, SO:0001217, UniParc:UPI0003572F83, UniRef:UniRef100_UPI0003572F83, UniRef:UniRef50_A0A0M0HU22, UniRef:UniRef90_UPI000243B904
contig_1	2011726	2012883	+	AGOCLK_17935	44.1	4.5		RefSeq:WP_020332900.1, SO:0001217, UniParc:UPI000358054D, UniRef:UniRef100_UPI000358054D, UniRef:UniRef50_E8M3X0, UniRef:UniRef90_UPI000243B901
contig_1	2038094	2038246	+	AGOCLK_18075	5.7	4.2		RefSeq:WP_020332886.1, SO:0001217, UniParc:UPI000357A3E6, UniRef:UniRef100_UPI000357A3E6, UniRef:UniRef50_A0A812FSE9, UniRef:UniRef90_UPI000357A3E6
contig_1	2039989	2040108	-	AGOCLK_18085	4.4	11.0		
contig_1	2084079	2084285	+	AGOCLK_18275	7.8	10.4		SO:0001217, UniRef:UniRef50_A0A1B1EBA1, UniRef:UniRef90_A0A1B1EBA1
contig_1	2096787	2097455	+	AGOCLK_18330	25.8	8.6		RefSeq:WP_020332853.1, SO:0001217, UniParc:UPI000357D944, UniRef:UniRef100_A0A1B1EB92, UniRef:UniRef50_Q87R07, UniRef:UniRef90_A0A1B1EB92
contig_1	2098216	2098470	-	AGOCLK_18340	9.9	9.9		
contig_1	2123533	2124930	-	AGOCLK_18450	51.8	9.0		KEGG:K09859, RefSeq:WP_020332841.1, SO:0001217, UniParc:UPI000357E398, UniRef:UniRef100_UPI000357E398, UniRef:UniRef50_E8LSK4, UniRef:UniRef90_A0A1B1EB11
contig_1	2152817	2154991	-	AGOCLK_18565	82.1	5.1		RefSeq:WP_020332824.1, SO:0001217, UniParc:UPI00035808B0, UniRef:UniRef100_UPI00035808B0, UniRef:UniRef50_A0A1H6QWP7, UniRef:UniRef90_K5UNC2
contig_1	2155499	2155987	-	AGOCLK_18570	19.0	5.9		RefSeq:WP_020332823.1, SO:0001217, UniParc:UPI00035805A8, UniRef:UniRef100_UPI00035805A8, UniRef:UniRef50_A0A0C3IC21, UniRef:UniRef90_UPI001D16D961
contig_1	2157965	2158180	+	AGOCLK_18585	8.1	6.6		RefSeq:WP_020332820.1, SO:0001217, UniParc:UPI000357727D, UniRef:UniRef100_UPI000357727D, UniRef:UniRef50_A0A0X8LQ95, UniRef:UniRef90_UPI000813C3F0
contig_1	2158538	2159104	+	AGOCLK_18590	20.3	4.1		RefSeq:WP_005495314.1, SO:0001217, UniParc:UPI000205C17B, UniRef:UniRef100_UPI0004A4A29B, UniRef:UniRef50_UPI0006A723F5, UniRef:UniRef90_UPI0006A723F5
contig_1	2169607	2170029	-	AGOCLK_18625	16.0	6.2	PF20472.1|PDDEXK_11	PFAM:PF20472.1, RefSeq:WP_020332812.1, SO:0001217, UniParc:UPI000357994D, UniRef:UniRef100_UPI000357994D, UniRef:UniRef50_S5C8W9, UniRef:UniRef90_UPI0005B6C498
contig_1	2170040	2170282	-	AGOCLK_18630	8.3	9.8		RefSeq:WP_020332809.1, SO:0001217, UniParc:UPI0003581BB5, UniRef:UniRef100_UPI0003581BB5, UniRef:UniRef50_R4WUN3, UniRef:UniRef90_UPI0005B6BF0D
contig_1	2175918	2176661	-	AGOCLK_18665	26.6	8.4		RefSeq:WP_014231250.1, SO:0001217, UniParc:UPI000243B4AB, UniRef:UniRef100_A0A1B1EAW8, UniRef:UniRef50_A0A6G8D567, UniRef:UniRef90_A0A1B1EAW8
contig_1	2239629	2240573	-	AGOCLK_18945	35.7	6.4		RefSeq:WP_020336122.1, SO:0001217, UniParc:UPI0003574A9B, UniRef:UniRef100_UPI0003574A9B, UniRef:UniRef50_A7MT08, UniRef:UniRef90_A0A1B1EAT3
contig_1	2248582	2249679	-	AGOCLK_18970	41.8	5.5		RefSeq:WP_024372727.1, SO:0001217, UniParc:UPI000408DB76, UniRef:UniRef100_UPI000408DB76, UniRef:UniRef50_A0A0J1GGJ3, UniRef:UniRef90_A0A1B1EAY3
contig_1	2268063	2268434	+	AGOCLK_19070	13.6	6.7		RefSeq:WP_020336315.1, SO:0001217, UniParc:UPI0003581083, UniRef:UniRef100_UPI0003581083, UniRef:UniRef50_A7MT28, UniRef:UniRef90_A0A1B1EAL1
contig_1	2320010	2320219	-	AGOCLK_19300	7.7	8.4		RefSeq:WP_014231120.1, SO:0001217, UniParc:UPI000243C1B9, UniRef:UniRef100_A0A1B1EAJ0, UniRef:UniRef50_A0A1E5E4R4, UniRef:UniRef90_A0A1B1EAJ0
contig_1	2328160	2328333	+	AGOCLK_19350	6.2	9.0		RefSeq:WP_014231110.1, SO:0001217, UniParc:UPI000243C1AF, UniRef:UniRef100_UPI000243C1AF, UniRef:UniRef50_A7MT57, UniRef:UniRef90_UPI000243C1AF
contig_1	2339358	2339555	+	AGOCLK_19400	7.5	6.5		
contig_1	2467743	2469056	-	AGOCLK_20105	48.1	8.5		RefSeq:WP_020333686.1, SO:0001217, UniParc:UPI000357B3A3, UniRef:UniRef100_UPI000357B3A3, UniRef:UniRef50_A0A0L8SMM7, UniRef:UniRef90_A0A1B1EA28
contig_1	2484350	2484970	+	AGOCLK_20190	22.2	5.5		RefSeq:WP_020333675.1, SO:0001217, UniParc:UPI00035747F3, UniRef:UniRef100_UPI00035747F3, UniRef:UniRef50_A1S6S3, UniRef:UniRef90_A0A1B1EA24
contig_1	2574877	2575185	-	AGOCLK_20565	12.2	5.5		RefSeq:WP_014230900.1, SO:0001217, UniParc:UPI000243BB13, UniRef:UniRef100_A0A1B1E9T7, UniRef:UniRef50_Q6LPP9, UniRef:UniRef90_A0A0H0YDU3
contig_1	2636869	2636982	-	AGOCLK_20850	4.0	6.5		
contig_1	2648335	2648427	-	AGOCLK_20900	3.7	10.0		
contig_1	2724406	2724606	-	AGOCLK_21215	7.4	7.9		
contig_1	2814096	2814287	-	AGOCLK_21605	7.0	4.4		RefSeq:WP_014230709.1, SO:0001217, UniParc:UPI000243A695, UniRef:UniRef100_A0A1B1E998, UniRef:UniRef50_A7MWD4, UniRef:UniRef90_A0A243VWB5
contig_1	2840799	2840903	-	AGOCLK_21725	3.9	9.9		SO:0001217, UniRef:UniRef50_A0A0D1GJ55, UniRef:UniRef90_A0A0D1GJ55
contig_1	2908344	2908736	+	AGOCLK_22115	14.8	9.0		RefSeq:WP_020335766.1, SO:0001217, UniParc:UPI000356E885, UniRef:UniRef100_UPI000356E885, UniRef:UniRef50_A0A5Q5AXA2, UniRef:UniRef90_UPI000356E885
contig_1	2922797	2923981	+	AGOCLK_22180	45.6	6.0		RefSeq:WP_020335753.1, SO:0001217, UniParc:UPI000356EF3E, UniRef:UniRef100_UPI000356EF3E, UniRef:UniRef50_UPI000356EF3E, UniRef:UniRef90_UPI000356EF3E
contig_1	2926075	2926506	+	AGOCLK_22195	16.0	6.2		RefSeq:WP_020335750.1, SO:0001217, UniParc:UPI0003578513, UniRef:UniRef100_UPI0003578513, UniRef:UniRef50_A0A0N7EIK1, UniRef:UniRef90_UPI0003578513
contig_1	2926670	2927716	+	AGOCLK_22200	39.9	7.7		RefSeq:WP_020335749.1, SO:0001217, UniParc:UPI000357122A, UniRef:UniRef100_UPI000357122A, UniRef:UniRef50_A0A4R3I9X9, UniRef:UniRef90_UPI000357122A
contig_1	2929751	2930743	+	AGOCLK_22210	37.9	7.2		RefSeq:WP_020335747.1, SO:0001217, UniParc:UPI0003574AB8, UniRef:UniRef100_UPI0003574AB8, UniRef:UniRef50_A0A0N9DYP4, UniRef:UniRef90_UPI0003574AB8
contig_1	2941344	2941559	+	AGOCLK_22260	6.6	4.2		RefSeq:WP_020335735.1, SO:0001217, UniParc:UPI00035717C1, UniRef:UniRef100_UPI00035717C1, UniRef:UniRef50_A0A1B1E8Y5, UniRef:UniRef90_UPI00035717C1
contig_1	2950822	2951790	-	AGOCLK_22305	36.7	6.5		RefSeq:WP_014230595.1, SO:0001217, UniParc:UPI000243A575, UniRef:UniRef100_UPI000243A575, UniRef:UniRef50_UPI00140E30A5, UniRef:UniRef90_UPI000243A575
contig_1	2972854	2973270	+	AGOCLK_22415	15.6	9.8		RefSeq:WP_076633420.1, SO:0001217, UniParc:UPI000722670B, UniRef:UniRef100_UPI000722670B, UniRef:UniRef50_UPI000722670B, UniRef:UniRef90_UPI000722670B
contig_1	3043844	3044113	-	AGOCLK_22735	9.7	10.0		RefSeq:WP_020336288.1, SO:0001217, UniParc:UPI00035720A0, UniRef:UniRef100_UPI00035720A0, UniRef:UniRef50_UPI00035720A0, UniRef:UniRef90_UPI00035720A0
contig_1	3054262	3054378	+	AGOCLK_22785	4.6	9.7		
contig_1	3064401	3065102	-	AGOCLK_22835	26.8	7.8		SO:0001217, UniRef:UniRef50_A0A0F4QU74, UniRef:UniRef90_A0A1B1EG89
contig_1	3071124	3071627	-	AGOCLK_22865	18.7	8.7		RefSeq:WP_020336267.1, SO:0001217, UniParc:UPI0003572B73, UniRef:UniRef100_A0A1B1E8G0, UniRef:UniRef50_U4K9M4, UniRef:UniRef90_A0A0M0HVL2
contig_1	3080238	3080366	-	AGOCLK_22915	4.9	10.0		
contig_1	3086494	3086634	+	AGOCLK_22940	5.2	10.0		
contig_1	3089193	3089765	-	AGOCLK_22965	21.1	10.3		RefSeq:WP_020336254.1, SO:0001217, UniParc:UPI0003575A0E, UniRef:UniRef100_UPI0003575A0E, UniRef:UniRef50_A0A1H6BXH2, UniRef:UniRef90_A0A1B1E898
contig_1	3109689	3109937	-	AGOCLK_23050	9.5	9.2		SO:0001217, UniRef:UniRef50_S5J4B7, UniRef:UniRef90_A0A3B7D6X3
contig_1	3141291	3141473	-	AGOCLK_23205	6.7	4.6		RefSeq:WP_014230435.1, SO:0001217, UniParc:UPI000243A857, UniRef:UniRef100_A0A1B1E893, UniRef:UniRef90_A0A0H0YD80
contig_1	3195370	3195537	-	AGOCLK_23460	5.9	12.0		RefSeq:WP_014233394.1, SO:0001217, UniParc:UPI000243B21D, UniRef:UniRef100_A0A3B7CVY9, UniRef:UniRef50_U3CC87, UniRef:UniRef90_A0A3B7CVY9
contig_1	3231944	3232228	+	AGOCLK_23660	10.7	5.2		RefSeq:WP_014233364.1, SO:0001217, UniParc:UPI000243C242, UniRef:UniRef100_A0A1B1EG14, UniRef:UniRef50_A0A090IPA9, UniRef:UniRef90_A0A0H0YDR1
contig_1	3250495	3251490	+	AGOCLK_23750	37.5	5.1		RefSeq:WP_020333381.1, SO:0001217, UniParc:UPI000358075F, UniRef:UniRef100_A0A1B1EGN7, UniRef:UniRef50_A0A0F4NMJ3, UniRef:UniRef90_A0A1B1EGN7
